Cod_setor,Cod_Grandes Regiões,Nome_Grande_Regiao,Cod_UF,Nome_da_UF,Cod_meso,Nome_da_meso,Cod_micro,Nome_da_micro,Cod_RM,Nome_da_RM,Cod_municipio,Nome_do_municipio,Cod_distrito,Nome_do_distrito,Cod_subdistrito,Nome_do_subdistrito,Cod_bairro,Nome_do_bairro,Situacao_setor,Tipo_setor,V001,V002,V003,V004,V005,V006,V007,V008,V009,V010,V011,V012,X34
130170405000001,1,Região Norte,13,Amazonas,1304,Sul Amazonense,13013,Madeira,00,Municípios não pertencentes a estrutura de RM,1301704,HUMAITÁ,130170405,HUMAITÁ,13017040500,HUMAITÁ,1301704009,Centro,1,0,209,756,3.62,5.46,2042.88,13743546.77,2235.4,14612935.93,956.44,5579284.77,1567.86,8194207.51,NA
130170405000002,1,Região Norte,13,Amazonas,1304,Sul Amazonense,13013,Madeira,00,Municípios não pertencentes a estrutura de RM,1301704,HUMAITÁ,130170405,HUMAITÁ,13017040500,HUMAITÁ,1301704008,São José,1,0,188,807,4.29,5.66,1247.04,3695811.34,1562.95,4141291.29,559.84,1641064.74,1173.74,2723416.51,NA
130170405000003,1,Região Norte,13,Amazonas,1304,Sul Amazonense,13013,Madeira,00,Municípios não pertencentes a estrutura de RM,1301704,HUMAITÁ,130170405,HUMAITÁ,13017040500,HUMAITÁ,1301704010,São Cristóvão,1,0,187,692,3.7,4.88,1111.79,2709710.04,1215.82,2837519.28,602.64,1303167.61,985.97,1755485.67,NA
130170405000004,1,Região Norte,13,Amazonas,1304,Sul Amazonense,13013,Madeira,00,Municípios não pertencentes a estrutura de RM,1301704,HUMAITÁ,130170405,HUMAITÁ,13017040500,HUMAITÁ,1301704003,São Pedro,1,0,168,631,3.76,4.05,1485.27,4608950.66,1685.99,4895317.88,764.51,2143281.79,1346.99,2994560.44,NA
130170405000005,1,Região Norte,13,Amazonas,1304,Sul Amazonense,13013,Madeira,00,Municípios não pertencentes a estrutura de RM,1301704,HUMAITÁ,130170405,HUMAITÁ,13017040500,HUMAITÁ,1301704002,Nova Humaitá,1,0,184,777,4.22,3.99,772.8,1454397.18,1102.29,1713305.86,566.62,940755.96,1019.3,1231713.38,NA
130170405000006,1,Região Norte,13,Amazonas,1304,Sul Amazonense,13013,Madeira,00,Municípios não pertencentes a estrutura de RM,1301704,HUMAITÁ,130170405,HUMAITÁ,13017040500,HUMAITÁ,1301704012,Divino Pranto,1,0,257,1157,4.5,6.99,646.63,625627.23,732.08,645836.41,338.55,332315.25,640.17,435509.54,NA
130170405000007,1,Região Norte,13,Amazonas,1304,Sul Amazonense,13013,Madeira,00,Municípios não pertencentes a estrutura de RM,1301704,HUMAITÁ,130170405,HUMAITÁ,13017040500,HUMAITÁ,1301704007,Novo Centenário,1,0,120,543,4.53,7.24,1081.24,3297528.62,1224.05,3560733.66,501.71,1537546.27,943.3,2478175.85,NA
130170405000008,1,Região Norte,13,Amazonas,1304,Sul Amazonense,13013,Madeira,00,Municípios não pertencentes a estrutura de RM,1301704,HUMAITÁ,130170405,HUMAITÁ,13017040500,HUMAITÁ,1301704009,Centro,1,0,36,186,5.17,5.23,1241.81,4462834.5,1354.7,4723512.41,446.43,1351109.06,1041.67,2550724.1,NA
130170405000009,1,Região Norte,13,Amazonas,1304,Sul Amazonense,13013,Madeira,00,Municípios não pertencentes a estrutura de RM,1301704,HUMAITÁ,130170405,HUMAITÁ,13017040500,HUMAITÁ,1301704006,Santo Antônio,1,0,147,648,4.41,5.26,554.81,299059.31,721.74,268286.03,363.2,302484.74,716.7,343694.13,NA
130170405000010,1,Região Norte,13,Amazonas,1304,Sul Amazonense,13013,Madeira,00,Municípios não pertencentes a estrutura de RM,1301704,HUMAITÁ,130170405,HUMAITÁ,13017040500,HUMAITÁ,1301704006,Santo Antônio,1,0,190,863,4.54,6.42,511.86,2422751.15,944.21,4076981.93,274.38,777299.59,728.89,1737265.02,NA
130170405000011,1,Região Norte,13,Amazonas,1304,Sul Amazonense,13013,Madeira,00,Municípios não pertencentes a estrutura de RM,1301704,HUMAITÁ,130170405,HUMAITÁ,13017040500,HUMAITÁ,1301704005,São Francisco,1,0,265,1133,4.28,4.45,708.2,478627.63,762.89,473846.51,376.72,450669.86,636.69,596435.56,NA
130170405000012,1,Região Norte,13,Amazonas,1304,Sul Amazonense,13013,Madeira,00,Municípios não pertencentes a estrutura de RM,1301704,HUMAITÁ,130170405,HUMAITÁ,13017040500,HUMAITÁ,1301704010,São Cristóvão,1,0,195,851,4.36,5.23,990.84,3762617.25,1073.41,3988793.57,525.14,2274942.86,832.07,3351659.76,NA
130170405000013,1,Região Norte,13,Amazonas,1304,Sul Amazonense,13013,Madeira,00,Municípios não pertencentes a estrutura de RM,1301704,HUMAITÁ,130170405,HUMAITÁ,13017040500,HUMAITÁ,1301704010,São Cristóvão,1,0,191,752,3.94,5.06,1080.65,2701660.94,1207.04,2866046.02,527.4,1335238.45,1041.31,2103656.25,NA
130170405000014,1,Região Norte,13,Amazonas,1304,Sul Amazonense,13013,Madeira,00,Municípios não pertencentes a estrutura de RM,1301704,HUMAITÁ,130170405,HUMAITÁ,13017040500,HUMAITÁ,1301704004,São Sebastião,1,0,284,1295,4.56,6.56,1205.85,79443939.9,1542.62,101209521.41,498.42,23331680.72,981.86,45531832.63,NA
130170405000015,1,Região Norte,13,Amazonas,1304,Sul Amazonense,13013,Madeira,00,Municípios não pertencentes a estrutura de RM,1301704,HUMAITÁ,130170405,HUMAITÁ,13017040500,HUMAITÁ,1301704002,Nova Humaitá,1,0,401,1791,4.47,6.84,492.13,414038.29,694.88,443832.81,229.51,203307.96,545.3,311046.51,NA
130170405000016,1,Região Norte,13,Amazonas,1304,Sul Amazonense,13013,Madeira,00,Municípios não pertencentes a estrutura de RM,1301704,HUMAITÁ,130170405,HUMAITÁ,13017040500,HUMAITÁ,1301704001,São Domingos Sávio,1,0,211,865,4.1,5.51,1642.73,2930829.23,1733.08,2935464.89,781.89,1627924.93,1284.67,2029771.01,NA
130170405000017,1,Região Norte,13,Amazonas,1304,Sul Amazonense,13013,Madeira,00,Municípios não pertencentes a estrutura de RM,1301704,HUMAITÁ,130170405,HUMAITÁ,13017040500,HUMAITÁ,1301704012,Divino Pranto,1,0,40,204,5.1,7.68,541.35,136517,656.18,88674.84,263.71,140964.2,573.74,128645.32,NA
130170405000018,1,Região Norte,13,Amazonas,1304,Sul Amazonense,13013,Madeira,00,Municípios não pertencentes a estrutura de RM,1301704,HUMAITÁ,130170405,HUMAITÁ,13017040500,HUMAITÁ,1301704007,Novo Centenário,1,0,143,604,4.22,5.12,899.66,1342717.23,1005.09,1394506.71,443.65,586718.25,784.92,770817.05,NA
130170405000019,1,Região Norte,13,Amazonas,1304,Sul Amazonense,13013,Madeira,00,Municípios não pertencentes a estrutura de RM,1301704,HUMAITÁ,130170405,HUMAITÁ,13017040500,HUMAITÁ,1301704005,São Francisco,1,0,139,609,4.38,4.24,809.63,2161644.96,987.18,2463058.22,425.12,862262.99,831.83,1350796.59,NA
130170405000020,1,Região Norte,13,Amazonas,1304,Sul Amazonense,13013,Madeira,00,Municípios não pertencentes a estrutura de RM,1301704,HUMAITÁ,130170405,HUMAITÁ,13017040500,HUMAITÁ,1301704005,São Francisco,1,0,214,969,4.53,6.57,479.57,206393.2,593.23,187776.35,252.51,143914.87,569.42,144074.67,NA
130170405000021,1,Região Norte,13,Amazonas,1304,Sul Amazonense,13013,Madeira,00,Municípios não pertencentes a estrutura de RM,1301704,HUMAITÁ,130170405,HUMAITÁ,13017040500,HUMAITÁ,1301704005,São Francisco,1,0,203,884,4.35,5.79,801.42,1771594.38,851.77,1840371.45,383.98,670807.52,683.37,990036.22,NA
130170405000022,1,Região Norte,13,Amazonas,1304,Sul Amazonense,13013,Madeira,00,Municípios não pertencentes a estrutura de RM,1301704,HUMAITÁ,130170405,HUMAITÁ,13017040500,HUMAITÁ,1301704010,São Cristóvão,1,0,170,760,4.47,4.89,680.81,415673.01,746.7,406645.06,350.89,274189.88,642.76,314784.26,NA
130170405000023,1,Região Norte,13,Amazonas,1304,Sul Amazonense,13013,Madeira,00,Municípios não pertencentes a estrutura de RM,1301704,HUMAITÁ,130170405,HUMAITÁ,13017040500,HUMAITÁ,1301704010,São Cristóvão,1,0,231,948,4.1,6.12,702.93,1800567.77,859.14,2067905.27,369.29,757257.84,710.55,1215749.31,NA
130170405000024,1,Região Norte,13,Amazonas,1304,Sul Amazonense,13013,Madeira,00,Municípios não pertencentes a estrutura de RM,1301704,HUMAITÁ,130170405,HUMAITÁ,13017040500,HUMAITÁ,1301704001,São Domingos Sávio,1,0,225,1042,4.63,9.14,624.34,3294056.46,793.66,4057295.7,302.41,1107863.34,662.74,2192183.89,NA
130170405000025,1,Região Norte,13,Amazonas,1304,Sul Amazonense,13013,Madeira,00,Municípios não pertencentes a estrutura de RM,1301704,HUMAITÁ,130170405,HUMAITÁ,13017040500,HUMAITÁ,1301704011,Nossa Senhora do Carmo,1,0,255,1181,4.63,7.43,498.11,161893.8,582.65,140013.34,293.15,159739.81,566.84,153722.95,NA
130170405000026,1,Região Norte,13,Amazonas,1304,Sul Amazonense,13013,Madeira,00,Municípios não pertencentes a estrutura de RM,1301704,HUMAITÁ,130170405,HUMAITÁ,13017040500,HUMAITÁ,1301704011,Nossa Senhora do Carmo,1,0,257,1355,5.27,7.94,413.44,203806.66,647.89,167258.87,190.43,105944.18,559.63,104721.5,NA
130170405000027,1,Região Norte,13,Amazonas,1304,Sul Amazonense,13013,Madeira,00,Municípios não pertencentes a estrutura de RM,1301704,HUMAITÁ,130170405,HUMAITÁ,13017040500,HUMAITÁ,1301704000,HUMAITÁ (demais setores),8,0,181,544,3.01,6.15,349.27,307313.43,602.07,378221.79,225.3,201482.58,562.64,313967.66,NA
130170405000028,1,Região Norte,13,Amazonas,1304,Sul Amazonense,13013,Madeira,00,Municípios não pertencentes a estrutura de RM,1301704,HUMAITÁ,130170405,HUMAITÁ,13017040500,HUMAITÁ,1301704000,HUMAITÁ (demais setores),8,0,162,826,5.1,8.82,357.91,117350.81,475.26,99912.13,138.15,71907.18,406.69,102598.07,NA
130170405000029,1,Região Norte,13,Amazonas,1304,Sul Amazonense,13013,Madeira,00,Municípios não pertencentes a estrutura de RM,1301704,HUMAITÁ,130170405,HUMAITÁ,13017040500,HUMAITÁ,1301704000,HUMAITÁ (demais setores),8,0,273,1293,4.74,7.28,462.15,128271.31,504.66,118576.45,231.27,94790.31,416.28,93602.84,NA
130170405000030,1,Região Norte,13,Amazonas,1304,Sul Amazonense,13013,Madeira,00,Municípios não pertencentes a estrutura de RM,1301704,HUMAITÁ,130170405,HUMAITÁ,13017040500,HUMAITÁ,1301704000,HUMAITÁ (demais setores),8,0,181,812,4.49,6.65,175.51,63757.14,481.33,27092.47,99.12,47110.35,352.01,78485.94,NA
130170405000031,1,Região Norte,13,Amazonas,1304,Sul Amazonense,13013,Madeira,00,Municípios não pertencentes a estrutura de RM,1301704,HUMAITÁ,130170405,HUMAITÁ,13017040500,HUMAITÁ,1301704000,HUMAITÁ (demais setores),8,0,93,256,2.75,5.64,549.44,123267.42,561.52,119150.7,324.44,121285.06,478.37,105074.1,NA
130170405000032,1,Região Norte,13,Amazonas,1304,Sul Amazonense,13013,Madeira,00,Municípios não pertencentes a estrutura de RM,1301704,HUMAITÁ,130170405,HUMAITÁ,13017040500,HUMAITÁ,1301704000,HUMAITÁ (demais setores),8,0,126,690,5.48,10.76,136.51,51419.71,505.88,2249.2,61.39,26428.78,457.25,15666.65,NA
130170405000033,1,Região Norte,13,Amazonas,1304,Sul Amazonense,13013,Madeira,00,Municípios não pertencentes a estrutura de RM,1301704,HUMAITÁ,130170405,HUMAITÁ,13017040500,HUMAITÁ,1301704000,HUMAITÁ (demais setores),8,0,63,363,5.76,9.06,128.1,56289.86,538,13002.86,58.33,26954.93,376.38,54880.83,NA
130170405000034,1,Região Norte,13,Amazonas,1304,Sul Amazonense,13013,Madeira,00,Municípios não pertencentes a estrutura de RM,1301704,HUMAITÁ,130170405,HUMAITÁ,13017040500,HUMAITÁ,1301704000,HUMAITÁ (demais setores),8,0,63,390,6.19,7.87,170.62,197002.98,632.29,453227.47,68.42,58941.66,376.31,211493.67,NA
130170405000035,1,Região Norte,13,Amazonas,1304,Sul Amazonense,13013,Madeira,00,Municípios não pertencentes a estrutura de RM,1301704,HUMAITÁ,130170405,HUMAITÁ,13017040500,HUMAITÁ,1301704000,HUMAITÁ (demais setores),8,0,47,206,4.38,8.72,296.43,94541.34,535.85,40531.74,163.77,68099.22,521.77,29271.04,NA
130170405000036,1,Região Norte,13,Amazonas,1304,Sul Amazonense,13013,Madeira,00,Municípios não pertencentes a estrutura de RM,1301704,HUMAITÁ,130170405,HUMAITÁ,13017040500,HUMAITÁ,1301704000,HUMAITÁ (demais setores),8,0,57,310,5.44,9.82,91.84,47318.42,523.5,43344.72,46.38,23215.59,480.68,32248.32,NA
130170405000037,1,Região Norte,13,Amazonas,1304,Sul Amazonense,13013,Madeira,00,Municípios não pertencentes a estrutura de RM,1301704,HUMAITÁ,130170405,HUMAITÁ,13017040500,HUMAITÁ,1301704000,HUMAITÁ (demais setores),8,0,236,1395,5.91,9.24,406.36,529929.53,570.84,651255.86,159.32,174370.34,451.41,362729.8,NA
130170405000038,1,Região Norte,13,Amazonas,1304,Sul Amazonense,13013,Madeira,00,Municípios não pertencentes a estrutura de RM,1301704,HUMAITÁ,130170405,HUMAITÁ,13017040500,HUMAITÁ,1301704000,HUMAITÁ (demais setores),8,0,252,1431,5.68,7.73,360.79,184395.31,531.68,180855.72,156.8,104199.94,460.1,166384.11,NA
130170405000039,1,Região Norte,13,Amazonas,1304,Sul Amazonense,13013,Madeira,00,Municípios não pertencentes a estrutura de RM,1301704,HUMAITÁ,130170405,HUMAITÁ,13017040500,HUMAITÁ,1301704000,HUMAITÁ (demais setores),8,0,6,34,5.67,6.67,85,43350,510,0,104.11,34697.54,282.57,45258.29,NA
130170405000040,1,Região Norte,13,Amazonas,1304,Sul Amazonense,13013,Madeira,00,Municípios não pertencentes a estrutura de RM,1301704,HUMAITÁ,130170405,HUMAITÁ,13017040500,HUMAITÁ,1301704000,HUMAITÁ (demais setores),8,0,15,88,5.87,20.27,34,17340,510,0,7.61,3882.09,510,0,NA
130170405000042,1,Região Norte,13,Amazonas,1304,Sul Amazonense,13013,Madeira,00,Municípios não pertencentes a estrutura de RM,1301704,HUMAITÁ,130170405,HUMAITÁ,13017040500,HUMAITÁ,1301704000,HUMAITÁ (demais setores),8,5,26,170,6.54,27.38,90.27,49316.28,586.75,22555.58,130.05,168430.08,934.75,477731.27,NA
130170405000043,1,Região Norte,13,Amazonas,1304,Sul Amazonense,13013,Madeira,00,Municípios não pertencentes a estrutura de RM,1301704,HUMAITÁ,130170405,HUMAITÁ,13017040500,HUMAITÁ,1301704000,HUMAITÁ (demais setores),8,5,16,89,5.56,11.46,94.38,42506.25,503.33,10033.33,55.25,28490.88,543.33,12266.67,NA
130170405000044,1,Região Norte,13,Amazonas,1304,Sul Amazonense,13013,Madeira,00,Municípios não pertencentes a estrutura de RM,1301704,HUMAITÁ,130170405,HUMAITÁ,13017040500,HUMAITÁ,1301704000,HUMAITÁ (demais setores),8,0,4,40,10,31.33,150,9e4,600,0,46.25,24728.8,555,4050,NA
130170405000045,1,Região Norte,13,Amazonas,1304,Sul Amazonense,13013,Madeira,00,Municípios não pertencentes a estrutura de RM,1301704,HUMAITÁ,130170405,HUMAITÁ,13017040500,HUMAITÁ,1301704000,HUMAITÁ (demais setores),5,0,119,572,4.81,6.67,576.88,285812.83,624.08,279685.49,311.33,228966.17,588.51,269861.75,NA
130170405000046,1,Região Norte,13,Amazonas,1304,Sul Amazonense,13013,Madeira,00,Municípios não pertencentes a estrutura de RM,1301704,HUMAITÁ,130170405,HUMAITÁ,13017040500,HUMAITÁ,1301704000,HUMAITÁ (demais setores),8,0,40,251,6.28,10,389.75,46264.04,487.19,9201.51,151.2,51515.03,426.33,27567.22,NA
130170405000047,1,Região Norte,13,Amazonas,1304,Sul Amazonense,13013,Madeira,00,Municípios não pertencentes a estrutura de RM,1301704,HUMAITÁ,130170405,HUMAITÁ,13017040500,HUMAITÁ,1301704000,HUMAITÁ (demais setores),8,0,197,1201,6.1,11.58,385.71,102866.84,506.57,73682.26,122.15,72810.08,460.08,118928.08,NA
130170405000051,1,Região Norte,13,Amazonas,1304,Sul Amazonense,13013,Madeira,00,Municípios não pertencentes a estrutura de RM,1301704,HUMAITÁ,130170405,HUMAITÁ,13017040500,HUMAITÁ,1301704000,HUMAITÁ (demais setores),8,0,NA,NA,NA,NA,NA,NA,NA,NA,0,0,NA,NA,NA
130170405000052,1,Região Norte,13,Amazonas,1304,Sul Amazonense,13013,Madeira,00,Municípios não pertencentes a estrutura de RM,1301704,HUMAITÁ,130170405,HUMAITÁ,13017040500,HUMAITÁ,1301704000,HUMAITÁ (demais setores),8,0,1,4,4,0,250,0,250,0,125,31250,250,0,NA
130170405000053,1,Região Norte,13,Amazonas,1304,Sul Amazonense,13013,Madeira,00,Municípios não pertencentes a estrutura de RM,1301704,HUMAITÁ,130170405,HUMAITÁ,13017040500,HUMAITÁ,1301704000,HUMAITÁ (demais setores),8,0,165,529,3.21,7.65,588.32,432246.99,630.34,436662.07,314.77,289761.77,527.66,373753.71,NA
130170405000054,1,Região Norte,13,Amazonas,1304,Sul Amazonense,13013,Madeira,00,Municípios não pertencentes a estrutura de RM,1301704,HUMAITÁ,130170405,HUMAITÁ,13017040500,HUMAITÁ,1301704000,HUMAITÁ (demais setores),8,0,148,845,5.71,6.32,381.64,322630.49,504.31,364845.75,131.49,114281.49,385.32,237692.17,NA
130170405000055,1,Região Norte,13,Amazonas,1304,Sul Amazonense,13013,Madeira,00,Municípios não pertencentes a estrutura de RM,1301704,HUMAITÁ,130170405,HUMAITÁ,13017040500,HUMAITÁ,1301704000,HUMAITÁ (demais setores),8,0,23,134,5.83,10.15,609.13,1272144.66,1000.71,1730853.3,256.3,488583.67,918.42,1171099.47,NA
130170405000056,1,Região Norte,13,Amazonas,1304,Sul Amazonense,13013,Madeira,00,Municípios não pertencentes a estrutura de RM,1301704,HUMAITÁ,130170405,HUMAITÁ,13017040500,HUMAITÁ,1301704000,HUMAITÁ (demais setores),8,0,3,27,9,1,377.33,52801.33,377.33,52801.33,198.25,62953,453.14,22629.14,NA
130170405000057,1,Região Norte,13,Amazonas,1304,Sul Amazonense,13013,Madeira,00,Municípios não pertencentes a estrutura de RM,1301704,HUMAITÁ,130170405,HUMAITÁ,13017040500,HUMAITÁ,1301704000,HUMAITÁ (demais setores),8,0,1,20,20,0,0,0,NA,NA,0,0,NA,NA,NA
130170405000058,1,Região Norte,13,Amazonas,1304,Sul Amazonense,13013,Madeira,00,Municípios não pertencentes a estrutura de RM,1301704,HUMAITÁ,130170405,HUMAITÁ,13017040500,HUMAITÁ,1301704000,HUMAITÁ (demais setores),8,0,29,183,6.31,6.72,286.9,199079.31,640,219700,121.33,85972.45,594.5,142805,NA
130170405000059,1,Região Norte,13,Amazonas,1304,Sul Amazonense,13013,Madeira,00,Municípios não pertencentes a estrutura de RM,1301704,HUMAITÁ,130170405,HUMAITÁ,13017040500,HUMAITÁ,1301704000,HUMAITÁ (demais setores),8,0,61,311,5.1,8.59,123.11,72441.8,577.69,77719.23,44.25,26002.3,478.73,75554.87,NA
130170405000061,1,Região Norte,13,Amazonas,1304,Sul Amazonense,13013,Madeira,00,Municípios não pertencentes a estrutura de RM,1301704,HUMAITÁ,130170405,HUMAITÁ,13017040500,HUMAITÁ,1301704009,Centro,1,0,24,84,3.5,4.52,1888.75,1862590.2,1970.87,1778049.75,930.8,1537017.92,1530.64,1611032.64,NA
130170405000062,1,Região Norte,13,Amazonas,1304,Sul Amazonense,13013,Madeira,00,Municípios não pertencentes a estrutura de RM,1301704,HUMAITÁ,130170405,HUMAITÁ,13017040500,HUMAITÁ,1301704009,Centro,1,0,245,1008,4.11,5.8,1176.51,11082207.53,1501.28,13667259.21,752.1,4851321.77,1259.99,7492733.25,NA
130170405000063,1,Região Norte,13,Amazonas,1304,Sul Amazonense,13013,Madeira,00,Municípios não pertencentes a estrutura de RM,1301704,HUMAITÁ,130170405,HUMAITÁ,13017040500,HUMAITÁ,1301704006,Santo Antônio,1,0,106,482,4.55,6.04,711.64,3924697.43,1093.25,5636871.31,394.56,1211331.36,832.06,2195544.94,NA
130170405000064,1,Região Norte,13,Amazonas,1304,Sul Amazonense,13013,Madeira,00,Municípios não pertencentes a estrutura de RM,1301704,HUMAITÁ,130170405,HUMAITÁ,13017040500,HUMAITÁ,1301704008,São José,1,0,52,219,4.21,4.37,1122.62,975613.42,1144.63,969426.16,553.32,635449.93,883.38,723703.09,NA
130170405000065,1,Região Norte,13,Amazonas,1304,Sul Amazonense,13013,Madeira,00,Municípios não pertencentes a estrutura de RM,1301704,HUMAITÁ,130170405,HUMAITÁ,13017040500,HUMAITÁ,1301704006,Santo Antônio,1,0,79,421,5.33,5.66,604.9,391568.73,770.76,370761.33,273.66,210180.01,648.04,255417.06,NA
130170405000066,1,Região Norte,13,Amazonas,1304,Sul Amazonense,13013,Madeira,00,Municípios não pertencentes a estrutura de RM,1301704,HUMAITÁ,130170405,HUMAITÁ,13017040500,HUMAITÁ,1301704003,São Pedro,1,0,1,1,1,0,1e3,0,1e3,0,1e3,0,1e3,0,NA
130170405000067,1,Região Norte,13,Amazonas,1304,Sul Amazonense,13013,Madeira,00,Municípios não pertencentes a estrutura de RM,1301704,HUMAITÁ,130170405,HUMAITÁ,13017040500,HUMAITÁ,1301704003,São Pedro,1,0,80,220,2.75,3.2,915.24,551426.56,950.9,538839.62,500.72,487879.32,905.64,515949.69,NA
130170405000068,1,Região Norte,13,Amazonas,1304,Sul Amazonense,13013,Madeira,00,Municípios não pertencentes a estrutura de RM,1301704,HUMAITÁ,130170405,HUMAITÁ,13017040500,HUMAITÁ,1301704004,São Sebastião,1,0,27,124,4.59,4.02,869.63,1122665.24,1067.27,1168982.68,345.19,463278.81,823.75,717107.12,NA
130170405000069,1,Região Norte,13,Amazonas,1304,Sul Amazonense,13013,Madeira,00,Municípios não pertencentes a estrutura de RM,1301704,HUMAITÁ,130170405,HUMAITÁ,13017040500,HUMAITÁ,1301704013,Nova Esperança,1,0,103,463,4.5,5.1,582.02,331020.14,651.61,325190.28,301.4,226298.27,568.35,275289.22,NA
130170405000070,1,Região Norte,13,Amazonas,1304,Sul Amazonense,13013,Madeira,00,Municípios não pertencentes a estrutura de RM,1301704,HUMAITÁ,130170405,HUMAITÁ,13017040500,HUMAITÁ,1301704002,Nova Humaitá,1,0,25,127,5.08,10.24,463.84,99581.31,552.19,68271.96,229.77,105618.74,543.61,78615.24,NA
130170405000071,1,Região Norte,13,Amazonas,1304,Sul Amazonense,13013,Madeira,00,Municípios não pertencentes a estrutura de RM,1301704,HUMAITÁ,130170405,HUMAITÁ,13017040500,HUMAITÁ,1301704003,São Pedro,1,0,113,454,4.02,4.8,913.54,3205073.09,1110,3681386.98,441.72,1246679.89,908.26,2144701.53,NA
130170405000072,1,Região Norte,13,Amazonas,1304,Sul Amazonense,13013,Madeira,00,Municípios não pertencentes a estrutura de RM,1301704,HUMAITÁ,130170405,HUMAITÁ,13017040500,HUMAITÁ,1301704003,São Pedro,1,0,105,409,3.9,3.83,1547.42,6887993.9,1710.31,7339210.38,795.26,4000197.59,1513.56,6539744.37,NA
130170405000073,1,Região Norte,13,Amazonas,1304,Sul Amazonense,13013,Madeira,00,Municípios não pertencentes a estrutura de RM,1301704,HUMAITÁ,130170405,HUMAITÁ,13017040500,HUMAITÁ,1301704002,Nova Humaitá,1,0,388,1688,4.35,5.02,929.34,1425641.23,1027.3,1475425.35,450.16,743305.67,787.03,1034814.07,NA
130170405000074,1,Região Norte,13,Amazonas,1304,Sul Amazonense,13013,Madeira,00,Municípios não pertencentes a estrutura de RM,1301704,HUMAITÁ,130170405,HUMAITÁ,13017040500,HUMAITÁ,1301704002,Nova Humaitá,1,0,159,494,3.11,3.64,2354.05,6570681.19,2692.76,6604272.86,1200.28,5794766.95,2085.73,8232767.88,NA
130170405000075,1,Região Norte,13,Amazonas,1304,Sul Amazonense,13013,Madeira,00,Municípios não pertencentes a estrutura de RM,1301704,HUMAITÁ,130170405,HUMAITÁ,13017040500,HUMAITÁ,1301704002,Nova Humaitá,1,0,24,123,5.13,6.03,488.88,164367.77,651.83,109909.91,224.03,109591.31,548.29,89905.45,NA
130170405000076,1,Região Norte,13,Amazonas,1304,Sul Amazonense,13013,Madeira,00,Municípios não pertencentes a estrutura de RM,1301704,HUMAITÁ,130170405,HUMAITÁ,13017040500,HUMAITÁ,1301704012,Divino Pranto,1,0,48,181,3.77,3.41,2202.44,3208342.76,2298.2,3125974.34,947.93,2118688.35,1710.9,2523544.11,NA
130170405000077,1,Região Norte,13,Amazonas,1304,Sul Amazonense,13013,Madeira,00,Municípios não pertencentes a estrutura de RM,1301704,HUMAITÁ,130170405,HUMAITÁ,13017040500,HUMAITÁ,1301704001,São Domingos Sávio,1,0,142,621,4.37,5.19,821.21,1130930.62,1089.83,1208838.14,418.08,579854.71,896.41,815519.23,NA
130170405000078,1,Região Norte,13,Amazonas,1304,Sul Amazonense,13013,Madeira,00,Municípios não pertencentes a estrutura de RM,1301704,HUMAITÁ,130170405,HUMAITÁ,13017040500,HUMAITÁ,1301704001,São Domingos Sávio,1,0,190,941,4.95,9,673.04,569591.41,739.17,576717.62,370.31,384496.56,695.62,496261.66,NA
130170405000079,1,Região Norte,13,Amazonas,1304,Sul Amazonense,13013,Madeira,00,Municípios não pertencentes a estrutura de RM,1301704,HUMAITÁ,130170405,HUMAITÁ,13017040500,HUMAITÁ,1301704000,HUMAITÁ (demais setores),8,0,173,508,2.94,6.9,466.38,123953.18,537.89,104363,297.01,130966.25,501.75,118466.15,NA
130170405000080,1,Região Norte,13,Amazonas,1304,Sul Amazonense,13013,Madeira,00,Municípios não pertencentes a estrutura de RM,1301704,HUMAITÁ,130170405,HUMAITÁ,13017040500,HUMAITÁ,1301704000,HUMAITÁ (demais setores),8,0,3,5,1.67,1.33,333.33,173333.33,500,18e4,320,132e3,533.33,93333.33,NA
130170405000081,1,Região Norte,13,Amazonas,1304,Sul Amazonense,13013,Madeira,00,Municípios não pertencentes a estrutura de RM,1301704,HUMAITÁ,130170405,HUMAITÁ,13017040500,HUMAITÁ,1301704000,HUMAITÁ (demais setores),8,0,1,2,2,0,510,0,510,0,255,130050,510,0,NA
130170405000082,1,Região Norte,13,Amazonas,1304,Sul Amazonense,13013,Madeira,00,Municípios não pertencentes a estrutura de RM,1301704,HUMAITÁ,130170405,HUMAITÁ,13017040500,HUMAITÁ,1301704000,HUMAITÁ (demais setores),8,0,2,3,1.5,0.5,255,130050,510,0,170,86700,510,0,NA
130170405000083,1,Região Norte,13,Amazonas,1304,Sul Amazonense,13013,Madeira,00,Municípios não pertencentes a estrutura de RM,1301704,HUMAITÁ,130170405,HUMAITÁ,13017040500,HUMAITÁ,1301704000,HUMAITÁ (demais setores),8,0,10,70,7,26.67,153,60690,510,0,38.7,17472.93,416,35344,NA
130170405000084,1,Região Norte,13,Amazonas,1304,Sul Amazonense,13013,Madeira,00,Municípios não pertencentes a estrutura de RM,1301704,HUMAITÁ,130170405,HUMAITÁ,13017040500,HUMAITÁ,1301704000,HUMAITÁ (demais setores),8,5,3,19,6.33,10.33,100,3e4,300,0,30,9e3,300,0,NA
130170405000085,1,Região Norte,13,Amazonas,1304,Sul Amazonense,13013,Madeira,00,Municípios não pertencentes a estrutura de RM,1301704,HUMAITÁ,130170405,HUMAITÁ,13017040500,HUMAITÁ,1301704000,HUMAITÁ (demais setores),8,0,22,45,2.05,1.66,434.32,77919.75,562.06,25984.56,362.33,84065.45,562.24,15692.12,NA
130170405000087,1,Região Norte,13,Amazonas,1304,Sul Amazonense,13013,Madeira,00,Municípios não pertencentes a estrutura de RM,1301704,HUMAITÁ,130170405,HUMAITÁ,13017040500,HUMAITÁ,1301704000,HUMAITÁ (demais setores),8,0,1,13,13,0,600,0,600,0,75,45e3,600,0,NA
130170405000088,1,Região Norte,13,Amazonas,1304,Sul Amazonense,13013,Madeira,00,Municípios não pertencentes a estrutura de RM,1301704,HUMAITÁ,130170405,HUMAITÁ,13017040500,HUMAITÁ,1301704000,HUMAITÁ (demais setores),8,0,1,3,3,0,0,0,NA,NA,0,0,NA,NA,NA
